appId,appName,description,category,version,size
app_1,Sanders-grayApp,Stage think respond his free base.,Productivity,3.5.5,141.87
app_2,KellyApp,Amount east main create.,Games,3.7.3,119.35
app_3,WalshApp,Man indicate necessary popular help even city.,Entertainment,1.8.4,145.99
app_4,DeleonApp,Enough I information culture tough go.,Games,3.4.9,88.37
app_5,SmithApp,Lot present certain well class so drive commercial.,Entertainment,1.1.4,119.43
app_6,LozanoApp,Three central agent together above paper.,Entertainment,1.8.0,67.22
app_7,JohnsonApp,According car anything play collection war.,Entertainment,3.5.1,22.05
app_8,ReyesApp,Wonder camera imagine buy able truth fire.,Health,1.3.8,99.64
app_9,HowardApp,Face least former cell.,Entertainment,2.6.0,85.82
app_10,BakerApp,Place style professional figure every skill during.,Productivity,2.2.4,149.54
app_11,WallaceApp,Senior it too heavy college work.,Productivity,3.8.0,96.95
app_12,Obrien-robinsonApp,Black drive character us.,Education,3.8.7,106.16
app_13,CookApp,Improve child defense range statement back quickly.,Productivity,1.9.4,112.0
app_14,Williams-allenApp,Simply continue include myself answer.,Entertainment,2.7.2,46.31
app_15,Mathis-onealApp,Water economy various morning check five only.,Education,3.6.6,90.74
app_16,PetersonApp,Win whose dinner thing.,Productivity,1.2.2,93.31
app_17,KellyApp,Energy know former.,Productivity,1.5.2,142.66
app_18,BakerApp,Fire recent throw share.,Entertainment,1.6.9,23.04
app_19,StevensApp,Car Democrat answer evening allow Congress.,Productivity,2.5.1,52.34
app_20,MontgomeryApp,Wrong throw water.,Entertainment,3.6.1,16.66
app_21,EdwardsApp,Four young respond room accept.,Games,2.8.0,79.5
app_22,FarrellApp,Person family sure war piece future administration.,Health,2.7.0,65.37
app_23,Moore-villarrealApp,Ten able customer lawyer well themselves truth.,Productivity,3.8.4,124.28
app_24,HuntApp,Key too size security writer response act policy.,Games,1.6.0,67.52
app_25,RichardsonApp,We present model property already enter.,Education,3.4.4,24.09
app_26,EdwardsApp,Check baby simply contain.,Games,1.8.9,47.1
app_27,JonesApp,Someone situation family around foot writer.,Entertainment,3.6.2,92.68
app_28,JohnstonApp,Improve onto information.,Education,3.9.7,102.2
app_29,SmithApp,Professional case be.,Entertainment,1.0.5,85.74
app_30,EnglishApp,Hour body into music.,Entertainment,2.8.3,122.54
app_31,HollandApp,Attention him couple city forget.,Education,1.5.3,42.91
app_32,Ward-carlsonApp,Decision recent begin seven.,Productivity,2.5.7,77.77
app_33,WilsonApp,Ball investment be agree us occur else.,Games,2.5.7,24.28
app_34,PatelApp,Sign physical support reason low.,Education,2.5.0,118.51
app_35,Jackson-holmesApp,Manage however standard successful stuff budget information.,Productivity,2.3.1,104.72
app_36,Heath-garciaApp,Offer student which on I research.,Health,3.5.5,61.55
app_37,MontoyaApp,Fall back value process increase.,Education,2.7.6,96.83
app_38,Case-woodApp,Eat job cup support media.,Education,3.1.8,101.8
app_39,Anderson-wardApp,Fear full water family about street worker.,Health,2.3.5,9.7
app_40,MooreApp,Answer run job phone.,Entertainment,3.1.6,27.05
app_41,WrightApp,Interview them professor goal best really.,Education,2.7.9,95.47
app_42,HodgesApp,Bill across take network.,Productivity,2.8.4,14.35
app_43,ShortApp,Difference American exist between development yes.,Productivity,3.2.2,136.94
app_44,Owen-mooreApp,Radio give recognize point minute despite.,Games,2.5.7,19.12
app_45,MillerApp,He item television friend.,Games,3.1.8,85.21
app_46,Phillips-waltonApp,Growth safe result soldier customer recently whole.,Health,3.4.6,130.06
app_47,MartinApp,Minute skill kind likely other however week.,Education,2.5.5,76.19
app_48,Smith-leeApp,Affect likely reveal about law area bar.,Entertainment,3.0.6,143.64
app_49,Watson-campbellApp,Way when decade mention little political main.,Health,3.9.1,73.48
app_50,Roberts-schroederApp,Modern account price early radio.,Health,2.3.8,65.51
app_51,ChanApp,Western receive project agency your.,Education,1.2.8,80.71
app_52,WilliamsApp,Ever section bit analysis relate each born.,Education,3.2.6,35.93
app_53,Orr-clarkApp,First effect girl manage case crime prove.,Health,1.1.2,57.61
app_54,Le-chavezApp,Because green religious policy direction start.,Productivity,3.4.9,66.95
app_55,BaldwinApp,Heart possible prove theory.,Games,3.0.4,6.3
app_56,MichaelApp,Character threat her station open discover.,Productivity,2.5.6,87.97
app_57,TaylorApp,Item physical particularly fear have similar ability.,Education,1.0.2,22.79
app_58,JonesApp,Sit serve shake boy describe main grow.,Games,2.9.1,125.93
app_59,McintyreApp,Yourself through staff after bank firm run.,Health,2.1.2,136.78
app_60,SmithApp,Picture own system modern recent nor.,Productivity,1.1.2,65.12
app_61,JohnsonApp,Represent physical give financial shoulder guy impact speech.,Games,1.8.0,28.81
app_62,Drake-youngApp,Cell here item doctor record choice.,Productivity,3.0.7,134.28
app_63,GouldApp,Brother require fast particularly return hard.,Productivity,1.8.4,140.54
app_64,HoldenApp,Its seek suggest.,Games,2.5.3,135.44
app_65,Baldwin-lopezApp,Letter student coach.,Education,2.5.6,84.11
app_66,CollierApp,Energy hotel shoulder bar face current model.,Productivity,3.6.7,145.0
app_67,RodriguezApp,Create field marriage.,Education,3.9.0,127.2
app_68,NelsonApp,Rock likely choice special.,Education,1.4.7,33.63
app_69,MatthewsApp,Movie eye say law she get.,Health,1.2.9,115.45
app_70,Neal-dayApp,Tend level letter ever benefit these bit.,Health,2.6.1,32.21
app_71,Sandoval-heathApp,Nation choose radio conference garden reason.,Games,3.8.8,7.6
app_72,ShepardApp,Group dark manage among movement.,Entertainment,3.8.7,28.83
app_73,WrightApp,Commercial nor debate particularly whose explain.,Games,2.9.8,18.51
app_74,FrankApp,Product even art yeah bill price.,Entertainment,1.0.4,38.11
app_75,Berry-dorseyApp,School office may able result local fast.,Health,2.3.7,88.99
app_76,Lee-thompsonApp,Mission dog sing challenge painting group dog.,Health,2.2.9,19.05
app_77,ParkerApp,Small somebody color hot recently scene recently.,Entertainment,2.0.1,102.62
app_78,FosterApp,There effort affect family.,Games,1.9.4,12.52
app_79,KellyApp,Natural cup magazine would.,Productivity,2.0.5,62.64
app_80,Wang-mccallApp,Real quickly drive cost thing modern.,Games,1.8.3,123.26
app_81,WilliamsApp,Question relate news camera already perform.,Games,1.1.9,59.41
app_82,MercadoApp,During court police edge.,Education,2.1.3,25.81
app_83,ScottApp,Play adult responsibility total think.,Entertainment,2.3.4,106.73
app_84,DavisApp,Institution fight lose term think be nature.,Productivity,3.6.9,124.8
app_85,HamiltonApp,Factor street attorney four whose appear Mr.,Health,2.3.4,118.07
app_86,AguilarApp,Show reduce listen be.,Games,2.1.1,130.5
app_87,Brown-duncanApp,Not chair Congress fly until recognize.,Education,1.3.2,119.13
app_88,KingApp,Which parent range dinner various.,Games,2.2.5,36.55
app_89,GrahamApp,Close college traditional yeah theory structure he.,Education,1.3.1,95.97
app_90,MontoyaApp,Fact large education thousand.,Health,1.4.3,43.33
app_91,AnthonyApp,Peace easy fear.,Health,2.7.5,68.37
app_92,NelsonApp,Stand bed direction site.,Productivity,1.2.8,103.84
app_93,AndersonApp,Especially public participant stage rate government.,Games,3.3.0,56.39
app_94,WilliamsApp,Western explain interesting catch.,Health,3.6.3,71.22
app_95,Cole-calderonApp,Street attack bit quickly friend enough.,Games,3.6.5,120.48
app_96,MolinaApp,Treatment staff or at federal media run.,Games,3.7.3,131.79
app_97,SnyderApp,Record goal party bill thousand Democrat least.,Entertainment,2.7.8,95.29
app_98,SkinnerApp,Plant hospital instead return effect.,Entertainment,3.9.5,117.35
app_99,ThomasApp,The grow car his fish he woman.,Entertainment,2.4.9,110.83
app_100,HamiltonApp,Well employee significant.,Education,2.1.0,85.95
