userId,name,email,password
user_1,Gary Dickerson,robert10@example.com,HEo9sX^rk*
user_2,Russell Greer,stevenhaas@example.com,+@XT+Fifh2
user_3,Robert Gonzalez,laura89@example.net,8Y3Dcqhn#9
user_4,Andrew Casey,osmith@example.net,Ulna4Sch%#
user_5,Brendan Parker,carnold@example.net,M#3o4HTmFh
user_6,James Graham,chavezkimberly@example.net,fII5Ply+Y!
user_7,Chelsea Stephens,cassie01@example.org,ab039kZw@%
user_8,Kellie Wallace MD,cordovaadam@example.org,dY5f2uCsV#
user_9,Lauren Fischer,allenjulia@example.org,zGkpRWmF*9
user_10,Tammy Hall,monicawilliams@example.org,oY4QoSiea*
user_11,Jennifer Diaz,margaret30@example.org,KeIf8OGv$A
user_12,Joshua Gallegos,haley65@example.com,)gkjA9l07z
user_13,Jonathan Kim,richard90@example.org,)iAXSMfal1
user_14,Matthew Lang,chelseahoffman@example.net,70(59SKubg
user_15,Joanna Bean,smithtara@example.org,(ye1JQpl1G
user_16,Amy Williams,clarkmitchell@example.net,f%&$(9Ul+4
user_17,Ryan Sanchez,stephanie54@example.net,@Ok5JdbFY)
user_18,Jill Blake,michaeltucker@example.org,_0PeMuodSQ
user_19,Melissa Thomas,shanecarpenter@example.com,dmKs%!ea+3
user_20,Natalie Vargas,emilymoore@example.org,+iJ1V1aSN3
user_21,Amy Rodriguez,mwilson@example.com,$g5P%LcFc)
user_22,Amy Moore,campbelldavid@example.org,70$Ko5P&_A
user_23,Nicole Taylor,mary53@example.org,!8CaoFn^Mt
user_24,Summer Barnes,bmurphy@example.org,(6LplYpozb
user_25,Michael Shaw,madisontaylor@example.com,)C3XB*wm9%
user_26,Laura Bradley,christopherfreeman@example.com,p0**IQCk$N
user_27,Maria Smith,kristenho@example.net,n8w%HRyz^#
user_28,James Johnson,watsonamanda@example.net,_s^U7p)eG2
user_29,Jason Carroll,matthew51@example.com,#apJFGtx%6
user_30,Katherine Maxwell,angela12@example.org,&2yey#HmgR
user_31,Jennifer Harrison,donaldbowman@example.net,5_2UaRv@b6
user_32,Lauren Huffman,stephanie04@example.com,C$6YXc%cQe
user_33,Kiara Morris,guerrerocharles@example.com,GNN1Irm@$b
user_34,Lori Johnson,abarr@example.net,c4L4UCii^_
user_35,Denise Richards,jacksontodd@example.org,6EGr#bgm^l
user_36,Theresa Williams,christineoconnor@example.net,(8MbQVAgcV
user_37,Crystal Crawford,melissabrown@example.net,K71Kh0hr*c
user_38,April Jenkins,bnelson@example.org,_6_XfJgSS2
user_39,Christie Martin,deborahyoung@example.net,@9QR)9rNnQ
user_40,Janice Baker,jonathanphillips@example.net,t!H6#C23+d
user_41,Crystal Ortiz,susanodonnell@example.org,m2In)^vh@c
user_42,Daniel Collins,angela50@example.net,v5B4HUes%@
user_43,Jasmine Rogers,evanscharlene@example.com,1M@8NpzpFV
user_44,Jennifer Wilson,wheelerbrandi@example.com,X2d$7Ste!C
user_45,Kenneth Smith,karen17@example.com,79vIzmiS*^
user_46,Julia Castillo,stevensstephanie@example.org,+B^kF5Dk^z
user_47,John Smith,michael59@example.com,^lR47LAkd4
user_48,Tracy Hodge,jose24@example.net,!r131KIiSx
user_49,Andrew Webb,andrew79@example.net,PYl9BU3lh^
user_50,Marcus Mcdonald,keith13@example.net,2hO19aJo^r
user_51,Calvin Ashley,sheilamarshall@example.org,v57BFklf(I
user_52,Adam Myers,hebertthomas@example.net,Zyw5FBF0)$
user_53,Elizabeth Park,walshmichael@example.org,C7$09Lzj*@
user_54,Ariana Brandt,victoria27@example.org,F4&l2I4e_c
user_55,Michele Ramsey,audreylawson@example.com,_9J%Ph#)8e
user_56,Joshua Ferguson,josephboyd@example.com,*eB7qq4hZ2
user_57,Robert Baker,michael03@example.org,!0ry!WcG&h
user_58,Michael Turner,fisherkeith@example.org,9eQwRjKL^x
user_59,Christopher Murphy,mhernandez@example.net,@3FLnTqUal
user_60,Donald Parker,chelseamckinney@example.com,Ys9s1Uk%%o
user_61,Robert Craig,christybullock@example.net,@25wJxu(km
user_62,Daniel Mitchell,nicholsshawn@example.net,)GwI50jgV(
user_63,Charlotte Robertson,nbrown@example.com,m%M_7(Ax#s
user_64,Heather Weaver,gordonmelissa@example.com,+qR9LQwHx9
user_65,Karen Torres,arobertson@example.com,#&@Gz*FmP6
user_66,Jordan Valencia,aaronaustin@example.net,%0Jfi$AXVm
user_67,Andrew Rodriguez,gchan@example.net,&8yGGoccn3
user_68,Stephanie Roberts,annetterichardson@example.org,O&@t!1CyNz
user_69,Derrick Figueroa,matthew10@example.net,+@8FJxhzB6
user_70,Ronald White,gallegosmadison@example.net,JmT%IxOx$1
user_71,Brendan Collins,donna67@example.com,!urP7OP!l5
user_72,Tina Burgess,blankenshipjohn@example.net,5(8G4XeHd$
user_73,Christopher Adams,danielcooper@example.com,m+5+UlX#yD
user_74,Lynn Maxwell,gbaker@example.com,62VYQPxr(7
user_75,Timothy Gaines,hansenyvonne@example.com,VV0%hZTtg+
user_76,Amanda Harris,schmittdavid@example.net,^6WeRQEwM5
user_77,Tracy Gross,destinybrowning@example.com,4T0ExwW@_9
user_78,James Cooper,caseycastillo@example.com,1GrNvVwt(s
user_79,Toni Byrd,austinhenry@example.org,jr6ugJ7Qv%
user_80,Lauren Herrera,dawn65@example.net,_9*GYlHp%$
user_81,Amy Pineda,rcoleman@example.org,f)IlA0Jdli
user_82,Whitney Warren,meyerkelsey@example.org,814ROyvl5#
user_83,Nicolas Tyler,wileycorey@example.org,&DkMBex1d2
user_84,Megan Ramirez,oboyd@example.org,4#4lMjFns(
user_85,Michael Thompson,sarahgill@example.net,X1$RJxmW&K
user_86,Jonathan Morgan,brittanyhorn@example.com,Rk3%B8sWV(
user_87,David Barker,brandon89@example.com,#AICs3eo4@
user_88,Kimberly Moore,ispencer@example.org,G0$0ScIb49
user_89,Frank Scott,stephenwiggins@example.com,q2Wc9F33&4
user_90,Richard Miller,cindy78@example.org,$)x9ZMxx&+
user_91,Rose Miller,mossdana@example.net,$Bdw5ObUpl
user_92,Robert Rhodes,steventodd@example.org,ZZ79Ex1s)3
user_93,David Bates,brownthomas@example.net,*45&Fcy3O%
user_94,Richard Rogers,davidjimenez@example.net,(fZlA4fd0G
user_95,Michelle Haley,patrickcarter@example.org,_HyKWwwbc0
user_96,Joseph Mccullough,cynthiaholloway@example.com,&5zAQWWXrf
user_97,Henry Perez,morganjohnson@example.org,%#4YYiH!6H
user_98,Kenneth Young,sanchezconnie@example.com,+1S)p6Pt*X
user_99,Laurie Ramirez,benjaminbeck@example.com,1&uku5RmE&
user_100,Carrie Osborn MD,johnsantiago@example.com,j7dp9QVA_j
